City_ID,City,Lat,Lng,Max Temp,Humidity,Cloudiness,Wind Speed,Country,Date,Current Description
0,Mahebourg,-20.4081,57.7,70.25,69,39,14.2,MU,2022-10-01 17:08:19,scattered clouds
1,Bathsheba,13.2167,-59.5167,88.41,70,40,13.8,BB,2022-10-01 17:05:31,scattered clouds
2,Klaksvik,62.2266,-6.589,50.92,87,68,17.25,FO,2022-10-01 17:08:20,broken clouds
3,Mehamn,71.0357,27.8492,40.91,100,100,2.3,NO,2022-10-01 17:08:06,overcast clouds
4,Tessalit,20.1986,1.0114,89.96,30,78,8.34,ML,2022-10-01 17:08:20,broken clouds
5,Shache,38.4167,77.2406,70.43,23,100,10.45,CN,2022-10-01 17:08:20,overcast clouds
6,Iqaluit,63.7506,-68.5145,32.7,69,90,20.0,CA,2022-10-01 17:08:11,overcast clouds
7,Hermanus,-34.4187,19.2345,61.81,72,100,9.1,ZA,2022-10-01 17:08:21,overcast clouds
8,Saint-Philippe,-21.3585,55.7679,69.39,77,41,11.07,RE,2022-10-01 17:08:21,scattered clouds
9,Dikson,73.5069,80.5464,34.29,99,100,13.65,RU,2022-10-01 17:08:22,overcast clouds
10,Vardo,70.3705,31.1107,35.58,87,100,2.3,NO,2022-10-01 17:08:22,overcast clouds
11,Castro,-24.7911,-50.0119,68.74,70,84,6.49,BR,2022-10-01 17:08:23,broken clouds
12,Bubaque,11.2833,-15.8333,81.18,78,99,13.04,GW,2022-10-01 17:08:23,overcast clouds
13,Ust-Koksa,50.2696,85.6108,21.49,64,7,0.92,RU,2022-10-01 17:08:24,clear sky
14,Ushuaia,-54.8,-68.3,46.06,57,75,25.32,AR,2022-10-01 17:08:24,broken clouds
15,Carauari,-4.8828,-66.8958,95.99,38,100,3.76,BR,2022-10-01 17:05:10,overcast clouds
16,Arlit,18.7369,7.3853,91.83,32,68,5.97,NE,2022-10-01 17:08:25,broken clouds
17,Hithadhoo,-0.6,73.0833,81.73,72,96,13.0,MV,2022-10-01 17:08:25,overcast clouds
18,Gazojak,41.1875,61.4036,58.6,13,1,18.12,TM,2022-10-01 17:08:26,clear sky
19,Luderitz,-26.6481,15.1594,62.73,70,0,12.41,NA,2022-10-01 17:08:26,clear sky
20,Tasiilaq,65.6145,-37.6368,41.16,99,100,4.99,GL,2022-10-01 17:08:26,light rain
21,Manjacaze,-24.7117,33.8828,73.49,66,0,11.45,MZ,2022-10-01 17:08:27,clear sky
22,Hofn,64.2539,-15.2082,46.71,90,100,4.21,IS,2022-10-01 17:08:27,overcast clouds
23,Saldanha,-33.0117,17.9442,60.04,77,98,20.04,ZA,2022-10-01 17:08:28,overcast clouds
24,Victoria,22.2855,114.1577,83.32,85,60,10.0,HK,2022-10-01 17:07:50,broken clouds
25,Rawson,-43.3002,-65.1023,62.26,34,9,9.44,AR,2022-10-01 17:08:28,clear sky
26,Qaanaaq,77.484,-69.3632,9.45,75,0,5.84,GL,2022-10-01 17:08:29,clear sky
27,Potoci,43.4086,17.8786,63.28,94,90,2.59,BA,2022-10-01 17:08:29,overcast clouds
28,Kinna,57.5073,12.6946,51.75,90,100,8.01,SE,2022-10-01 17:08:29,light rain
29,Dhidhdhoo,6.8833,73.1,82.02,78,95,18.37,MV,2022-10-01 17:08:30,overcast clouds
30,Jamestown,42.097,-79.2353,60.94,62,0,11.5,US,2022-10-01 17:08:30,clear sky
31,Ostrovnoy,68.0531,39.5131,35.62,96,100,11.74,RU,2022-10-01 17:04:07,overcast clouds
32,Mar Del Plata,-38.0023,-57.5575,69.82,43,0,5.75,AR,2022-10-01 17:08:31,clear sky
33,Coihueco,-36.6167,-71.8333,61.54,67,75,3.44,CL,2022-10-01 17:08:31,broken clouds
34,Veraval,20.9,70.3667,80.4,78,1,8.79,IN,2022-10-01 17:08:31,clear sky
35,Accra,5.556,-0.1969,78.21,81,48,13.87,GH,2022-10-01 17:08:32,scattered clouds
36,Qaqortoq,60.7167,-46.0333,38.55,93,100,6.24,GL,2022-10-01 17:08:32,light rain
37,Cape Town,-33.9258,18.4232,63.27,70,100,11.01,ZA,2022-10-01 17:08:23,overcast clouds
38,Bengkulu,-3.8004,102.2655,75.16,95,99,5.01,ID,2022-10-01 17:08:33,moderate rain
39,Port Alfred,-33.5906,26.891,59.18,90,82,6.38,ZA,2022-10-01 17:08:33,broken clouds
40,Punta Arenas,-53.15,-70.9167,48.31,46,40,25.32,CL,2022-10-01 17:08:34,scattered clouds
41,Hualmay,-11.0964,-77.6139,68.0,68,43,11.18,PE,2022-10-01 17:08:34,scattered clouds
42,Souillac,-20.5167,57.5167,69.87,69,51,13.27,MU,2022-10-01 17:08:34,broken clouds
43,Azacualpa,15.3433,-88.5514,81.25,68,99,3.53,HN,2022-10-01 17:09:35,overcast clouds
44,Port Elizabeth,-33.918,25.5701,61.32,87,66,5.01,ZA,2022-10-01 17:09:35,broken clouds
45,Talnakh,69.4865,88.3972,29.21,97,100,6.04,RU,2022-10-01 17:09:35,light snow
46,Torbay,47.6666,-52.7314,65.88,53,3,11.99,CA,2022-10-01 17:09:36,clear sky
47,Longyearbyen,78.2186,15.6401,37.24,93,75,4.61,SJ,2022-10-01 17:09:36,broken clouds
48,Cap Malheureux,-19.9842,57.6142,70.47,70,4,4.0,MU,2022-10-01 17:09:37,clear sky
49,Douentza,14.9951,-2.9517,89.67,45,87,19.37,ML,2022-10-01 17:09:37,light rain
50,Nieuw Amsterdam,5.8833,-55.0833,92.01,58,40,6.91,SR,2022-10-01 17:09:37,scattered clouds
51,Lagoa,39.05,-27.9833,71.29,78,14,20.2,PT,2022-10-01 17:09:38,few clouds
52,Pereslavl-Zalesskiy,56.7393,38.8563,54.28,98,100,4.88,RU,2022-10-01 17:09:38,overcast clouds
53,Faya,18.3851,42.4509,64.92,60,16,5.93,SA,2022-10-01 17:08:26,few clouds
54,Bolshevik,54.0065,27.5692,49.62,93,86,4.03,BY,2022-10-01 17:09:39,overcast clouds
55,Padang,-0.9492,100.3543,73.45,90,100,2.57,ID,2022-10-01 17:09:39,moderate rain
56,Faratsiho,-19.4,46.95,59.7,44,0,4.41,MG,2022-10-01 17:09:39,clear sky
57,Upernavik,72.7868,-56.1549,22.86,80,42,6.17,GL,2022-10-01 17:09:40,scattered clouds
58,Abu Samrah,35.3029,37.1841,84.79,19,0,9.6,SY,2022-10-01 17:09:40,clear sky
59,Manica,49.0,-1.1667,59.5,85,82,11.07,FR,2022-10-01 17:09:40,broken clouds
60,Narsaq,60.9167,-46.05,39.42,98,100,5.37,GL,2022-10-01 17:09:41,light rain
61,Intipuca,13.1969,-88.0544,86.34,56,100,3.24,SV,2022-10-01 17:09:41,overcast clouds
62,Xai-Xai,-25.0519,33.6442,72.61,78,0,15.48,MZ,2022-10-01 17:09:42,clear sky
63,Saint-Augustin,51.226,-58.6502,51.87,34,30,15.64,CA,2022-10-01 17:09:42,scattered clouds
64,Shchigry,51.8755,36.9043,62.42,86,100,11.32,RU,2022-10-01 17:09:42,overcast clouds
65,Coquimbo,-29.9533,-71.3436,55.13,94,100,5.75,CL,2022-10-01 17:09:43,overcast clouds
66,Sao Filipe,14.8961,-24.4956,79.32,78,17,9.6,CV,2022-10-01 17:09:43,few clouds
67,Ribeira Grande,38.5167,-28.7,73.8,78,75,21.85,PT,2022-10-01 17:09:43,broken clouds
68,Parsabad,39.6482,47.9174,72.68,40,0,11.81,IR,2022-10-01 17:09:44,clear sky
69,Knysna,-34.0363,23.0471,58.37,82,82,3.56,ZA,2022-10-01 17:09:44,broken clouds
70,Gat,31.61,34.7642,83.39,100,0,7.63,IL,2022-10-01 17:09:44,clear sky
71,Turkmenabat,39.0733,63.5786,64.69,20,0,12.66,TM,2022-10-01 17:09:45,clear sky
72,Clyde River,70.4692,-68.5914,27.21,65,7,10.71,CA,2022-10-01 17:09:45,clear sky
73,Richards Bay,-28.783,32.0377,70.3,82,99,14.32,ZA,2022-10-01 17:09:46,overcast clouds
74,Nicoya,10.1483,-85.452,79.07,83,100,2.1,CR,2022-10-01 17:09:46,overcast clouds
75,Port-Gentil,-0.7193,8.7815,76.96,88,75,6.91,GA,2022-10-01 17:09:46,broken clouds
76,Tahoua,14.8888,5.2692,96.13,27,21,12.86,NE,2022-10-01 17:09:47,few clouds
77,Nanortalik,60.1432,-45.2371,40.21,83,99,4.43,GL,2022-10-01 17:09:47,overcast clouds
78,Mazagao,-0.115,-51.2894,95.05,40,35,6.42,BR,2022-10-01 17:09:47,scattered clouds
79,Busselton,-33.65,115.3333,54.82,86,45,14.67,AU,2022-10-01 17:09:48,scattered clouds
80,Codrington,-38.2667,141.9667,45.45,89,0,5.14,AU,2022-10-01 17:09:48,clear sky
81,Namibe,-15.1961,12.1522,67.39,84,25,8.77,AO,2022-10-01 17:09:49,scattered clouds
82,Sioux Lookout,50.1001,-91.917,51.51,59,88,9.31,CA,2022-10-01 17:09:49,overcast clouds
83,Moyale,3.5167,39.0584,77.11,42,31,9.28,KE,2022-10-01 17:09:49,scattered clouds
84,East London,-33.0153,27.9116,65.19,70,89,6.49,ZA,2022-10-01 17:09:50,overcast clouds
85,Marawi,7.9986,124.2928,69.01,95,96,0.85,PH,2022-10-01 17:09:50,overcast clouds
86,Batetskiy,58.6461,30.3027,45.73,80,100,3.38,RU,2022-10-01 17:09:50,overcast clouds
87,Pietersburg,-23.9045,29.4688,76.51,23,0,11.03,ZA,2022-10-01 17:09:51,clear sky
88,Kondol,52.8189,45.058,57.67,87,94,10.38,RU,2022-10-01 17:10:51,overcast clouds
89,Berlevag,70.8578,29.0864,40.95,87,100,6.91,NO,2022-10-01 17:10:51,overcast clouds
90,Cidreira,-30.1811,-50.2056,66.04,72,74,13.71,BR,2022-10-01 17:10:52,broken clouds
91,Rondonopolis,-16.4708,-54.6356,101.53,26,25,4.76,BR,2022-10-01 17:08:53,scattered clouds
92,Ponta Do Sol,32.6667,-17.1,75.83,67,81,2.62,PT,2022-10-01 17:10:52,broken clouds
93,Lebu,-37.6167,-73.65,58.28,70,10,14.54,CL,2022-10-01 17:10:53,clear sky
94,Road Town,18.4167,-64.6167,87.89,79,40,9.22,VG,2022-10-01 17:10:53,scattered clouds
95,Bougouni,11.417,-7.479,82.49,78,95,2.82,ML,2022-10-01 17:10:53,light rain
96,Yokadouma,3.5167,15.05,72.1,94,83,2.15,CM,2022-10-01 17:10:54,light rain
97,Margate,51.3813,1.3862,63.88,65,30,3.0,GB,2022-10-01 17:10:54,scattered clouds
98,Tara,56.8944,74.371,29.17,69,44,2.3,RU,2022-10-01 17:10:55,scattered clouds
99,Natal,-5.795,-35.2094,84.85,58,40,16.11,BR,2022-10-01 17:10:55,scattered clouds
100,Ornskoldsvik,63.2909,18.7153,49.15,93,100,3.44,SE,2022-10-01 17:10:55,overcast clouds
101,Chuy,-33.6971,-53.4616,64.65,63,18,9.55,UY,2022-10-01 17:10:56,few clouds
102,Disna,55.568,28.1971,45.55,96,100,4.03,BY,2022-10-01 17:10:56,overcast clouds
103,Sao Luiz Gonzaga,-28.4083,-54.9608,69.28,62,80,4.21,BR,2022-10-01 17:10:56,broken clouds
104,Korla,41.7597,86.1469,56.1,29,100,8.41,CN,2022-10-01 17:07:03,overcast clouds
105,Mana,5.6592,-53.7767,87.03,61,20,10.98,GF,2022-10-01 17:10:57,few clouds
106,Beyneu,45.3167,55.2,63.27,39,77,20.87,KZ,2022-10-01 17:10:57,broken clouds
107,Sorrento,40.626,14.3744,69.87,84,45,7.0,IT,2022-10-01 17:09:09,scattered clouds
108,Jutai,-5.1833,-68.9,93.9,40,97,3.98,BR,2022-10-01 17:10:58,overcast clouds
109,Korampallam,8.7667,78.1,83.77,62,100,12.64,IN,2022-10-01 17:10:58,overcast clouds
110,Katrineholm,58.9959,16.2072,54.84,78,100,8.14,SE,2022-10-01 17:10:59,overcast clouds
111,Praia Da Vitoria,38.7333,-27.0667,75.76,74,27,18.12,PT,2022-10-01 17:10:59,scattered clouds
112,Marienburg,54.0359,19.0266,55.89,70,100,8.32,PL,2022-10-01 17:09:28,overcast clouds
113,Frederick,39.4668,-77.3997,58.95,95,100,9.22,US,2022-10-01 17:11:00,mist
114,Saquisili,-0.8333,-78.6667,56.52,74,75,14.97,EC,2022-10-01 17:11:00,broken clouds
115,Makokou,0.5738,12.8642,73.04,94,57,2.17,GA,2022-10-01 17:11:00,light rain
116,Los Llanos De Aridane,28.6585,-17.9182,71.35,74,75,13.8,ES,2022-10-01 17:11:01,broken clouds
117,Luanda,-8.8368,13.2343,75.36,82,16,13.29,AO,2022-10-01 17:08:17,few clouds
118,Mut,36.6439,33.4389,82.67,31,0,10.38,TR,2022-10-01 17:11:01,clear sky
119,Melfi,40.9965,15.6514,62.19,68,45,11.52,IT,2022-10-01 17:11:02,scattered clouds
120,Boralday,43.3578,76.8594,37.26,38,40,4.47,KZ,2022-10-01 17:11:02,scattered clouds
121,Riyadh,24.6877,46.7219,87.94,12,0,8.99,SA,2022-10-01 17:10:02,clear sky
122,La Mana,-0.9333,-79.2167,87.64,51,97,3.4,EC,2022-10-01 17:11:02,overcast clouds
123,Rio Grande,-32.035,-52.0986,68.11,79,43,11.43,BR,2022-10-01 17:08:39,scattered clouds
124,Sarab,38.6066,44.9883,69.28,36,0,4.97,IR,2022-10-01 17:11:03,clear sky
125,Baramati,18.15,74.5833,77.31,73,74,8.68,IN,2022-10-01 17:11:03,broken clouds
126,Grindavik,63.8424,-22.4338,48.67,87,75,23.02,IS,2022-10-01 17:07:05,broken clouds
127,Marsaxlokk,35.8419,14.5431,79.41,65,20,16.11,MT,2022-10-01 17:11:04,few clouds
128,Cedeno,7.0464,-72.1634,81.3,75,93,4.21,CO,2022-10-01 17:11:04,overcast clouds
129,Yurga,55.7231,84.8861,28.35,86,77,2.15,RU,2022-10-01 17:11:05,broken clouds
130,Olafsvik,64.8945,-23.7142,47.71,89,100,15.59,IS,2022-10-01 17:11:05,overcast clouds
131,Bambous Virieux,-20.3428,57.7575,70.21,83,75,6.91,MU,2022-10-01 17:11:06,broken clouds
132,Laguna,38.421,-121.4238,83.01,61,0,5.75,US,2022-10-01 17:06:42,clear sky
133,Venado Tuerto,-33.7456,-61.9688,76.77,17,57,7.31,AR,2022-10-01 17:12:07,broken clouds
134,Kortkeros,61.8106,51.5806,46.4,97,100,8.08,RU,2022-10-01 17:12:07,light rain
135,Mandera,3.9366,41.867,90.91,31,52,14.12,KE,2022-10-01 17:12:07,broken clouds
136,Kruisfontein,-34.0033,24.7314,57.31,76,55,4.23,ZA,2022-10-01 17:12:08,broken clouds
137,Bandarbeyla,9.4942,50.8122,78.44,77,48,21.85,SO,2022-10-01 17:12:08,scattered clouds
138,Panagar,23.3,79.9833,75.13,69,96,2.48,IN,2022-10-01 17:12:09,overcast clouds
139,Georgetown,5.4112,100.3354,78.73,85,20,4.61,MY,2022-10-01 17:10:38,few clouds
140,Aranos,-24.1333,19.1167,84.31,13,3,9.62,NA,2022-10-01 17:12:09,clear sky
141,Baie-Comeau,49.2168,-68.1489,53.28,47,0,6.91,CA,2022-10-01 17:12:09,clear sky
142,Leh,34.1667,77.5833,50.49,35,11,6.29,IN,2022-10-01 17:12:10,few clouds
143,Volosovo,59.4333,29.4833,43.07,89,87,3.36,RU,2022-10-01 17:12:11,overcast clouds
144,Mocuba,-16.8392,36.9856,76.66,55,0,9.24,MZ,2022-10-01 17:12:11,clear sky
145,Troy,42.6056,-83.1499,67.89,61,0,12.66,US,2022-10-01 17:12:12,clear sky
146,Salinopolis,-0.6136,-47.3561,85.17,66,62,14.03,BR,2022-10-01 17:12:12,broken clouds
147,Husavik,66.0449,-17.3389,47.34,89,100,20.02,IS,2022-10-01 17:12:12,overcast clouds
148,Beira,-19.8436,34.8389,75.29,83,20,11.5,MZ,2022-10-01 17:12:13,few clouds
149,Olinda,-8.0089,-34.8553,82.13,61,40,12.66,BR,2022-10-01 17:12:13,scattered clouds
150,Paamiut,61.994,-49.6678,36.75,98,100,17.92,GL,2022-10-01 17:12:03,light rain
151,Yozgat,39.5833,35.3333,66.81,32,0,3.04,TR,2022-10-01 17:12:14,clear sky
152,Roald,62.5833,6.1333,58.12,82,75,3.44,NO,2022-10-01 17:12:14,broken clouds
153,Saint George,37.1041,-113.5841,79.43,28,0,6.91,US,2022-10-01 17:12:15,clear sky
154,Pangnirtung,66.1451,-65.7125,34.65,47,99,1.16,CA,2022-10-01 17:12:15,overcast clouds
155,Stanovoye,52.7638,38.3582,59.86,89,86,9.6,RU,2022-10-01 17:12:16,light rain
156,Atar,20.5169,-13.0499,89.64,20,0,7.87,MR,2022-10-01 17:12:16,clear sky
157,Thompson,55.7435,-97.8558,46.56,53,0,8.05,CA,2022-10-01 17:12:17,clear sky
158,Leesburg,39.1157,-77.5636,58.98,96,100,8.05,US,2022-10-01 17:12:17,overcast clouds
159,Bosaso,11.2842,49.1816,85.17,71,18,2.13,SO,2022-10-01 17:12:17,few clouds
160,Raga,8.4596,25.678,75.54,82,82,3.47,SS,2022-10-01 17:12:18,broken clouds
161,Codajas,-3.8367,-62.0569,102.02,30,79,1.63,BR,2022-10-01 17:12:18,broken clouds
162,Saint-Georges,12.0564,-61.7485,84.49,73,100,13.85,GD,2022-10-01 17:09:32,overcast clouds
163,Vila Velha,-20.3297,-40.2925,76.95,74,75,12.66,BR,2022-10-01 17:11:22,broken clouds
164,Astana,51.1801,71.446,24.75,74,0,11.18,KZ,2022-10-01 17:12:19,clear sky
165,Barao De Melgaco,-16.1944,-55.9675,97.7,33,44,4.18,BR,2022-10-01 17:12:19,scattered clouds
166,Korem,12.5058,39.5228,59.81,66,95,4.18,ET,2022-10-01 17:12:20,overcast clouds
167,Bredasdorp,-34.5322,20.0403,56.64,71,100,5.59,ZA,2022-10-01 17:11:00,overcast clouds
168,Nouadhibou,20.931,-17.0347,75.18,69,0,18.41,MR,2022-10-01 17:12:20,clear sky
169,Bonavista,48.6499,-53.1147,61.14,61,11,12.64,CA,2022-10-01 17:12:21,few clouds
170,Muisne,0.6,-80.0333,78.03,72,99,10.29,EC,2022-10-01 17:12:21,overcast clouds
171,Mayumba,-3.432,10.6554,75.45,91,95,7.9,GA,2022-10-01 17:12:22,light rain
172,Savona,44.3,8.2667,62.82,72,24,3.02,IT,2022-10-01 17:12:22,few clouds
173,Bar Harbor,44.3876,-68.2039,62.53,69,0,4.61,US,2022-10-01 17:12:23,clear sky
174,Itarantim,-15.6597,-40.0656,81.09,54,89,6.51,BR,2022-10-01 17:12:23,overcast clouds
175,Aktau,43.65,51.2,66.78,45,62,2.13,KZ,2022-10-01 17:12:23,broken clouds
176,Santa Cruz,-17.8,-63.1667,86.05,39,20,9.22,BO,2022-10-01 17:12:24,few clouds
177,Yining,29.0361,114.5636,78.01,56,2,2.3,CN,2022-10-01 17:12:24,clear sky
178,El Corpus,14.7,-88.9167,77.68,78,100,0.0,HN,2022-10-01 17:12:25,overcast clouds
179,Khndzoresk,39.5122,46.4328,54.01,47,5,2.62,AM,2022-10-01 17:12:25,clear sky
180,Kerchevskiy,59.946,56.2884,43.16,79,100,7.4,RU,2022-10-01 17:13:26,overcast clouds
181,Bashmakovo,53.2133,43.0342,64.74,82,100,14.74,RU,2022-10-01 17:13:26,moderate rain
182,Westport,41.1415,-73.3579,60.03,93,100,12.66,US,2022-10-01 17:13:26,overcast clouds
183,Narnaund,29.2167,76.15,81.1,49,0,4.99,IN,2022-10-01 17:13:27,clear sky
184,Solwezi,-12.1688,26.3894,73.24,27,75,4.05,ZM,2022-10-01 17:13:27,broken clouds
185,Gasa,31.5,34.4667,80.89,71,0,8.01,PS,2022-10-01 17:13:28,clear sky
186,Serenje,-13.2325,30.2352,70.18,27,2,3.65,ZM,2022-10-01 17:13:28,clear sky
187,Izmit,40.7669,29.9169,64.38,82,0,1.14,TR,2022-10-01 17:13:28,clear sky
188,Makinsk,52.6292,70.4169,28.8,57,3,4.68,KZ,2022-10-01 17:13:29,clear sky
189,Bani,18.2833,-70.3333,85.44,73,96,10.2,DO,2022-10-01 17:13:29,overcast clouds
190,Inirida,3.8653,-67.9239,85.46,64,98,3.58,CO,2022-10-01 17:13:29,overcast clouds
191,Maniitsoq,65.4167,-52.9,35.74,65,71,2.21,GL,2022-10-01 17:13:30,broken clouds
192,Bentiu,9.2333,29.8333,78.53,69,6,2.42,SS,2022-10-01 17:13:30,clear sky
193,Umm Kaddadah,13.6017,26.6876,95.65,23,53,7.56,SD,2022-10-01 17:13:30,broken clouds
194,Nurota,40.5614,65.6886,55.53,21,0,11.25,UZ,2022-10-01 17:13:31,clear sky
195,Jumla,29.2747,82.1838,56.62,92,72,1.25,NP,2022-10-01 17:13:31,broken clouds
196,Segou,13.4317,-6.2157,91.18,44,83,4.03,ML,2022-10-01 17:13:31,broken clouds
197,Rocha,-34.4833,-54.3333,65.84,56,10,9.01,UY,2022-10-01 17:12:27,clear sky
198,Arraial Do Cabo,-22.9661,-42.0278,75.06,64,40,19.57,BR,2022-10-01 17:13:32,scattered clouds
199,Dire Dawa,9.5931,41.8661,73.81,64,87,8.25,ET,2022-10-01 17:13:32,overcast clouds
200,Pudozh,61.8099,36.5345,42.49,90,85,3.8,RU,2022-10-01 17:13:33,overcast clouds
201,Taoudenni,22.6783,-3.9836,100.02,12,0,12.41,ML,2022-10-01 17:13:33,clear sky
202,Puri,19.8,85.85,77.52,77,7,2.55,IN,2022-10-01 17:13:33,clear sky
203,Vestmanna,62.1564,-7.1664,49.12,93,100,12.66,FO,2022-10-01 17:13:34,light rain
204,Lexington Park,38.2668,-76.4538,73.08,93,75,16.11,US,2022-10-01 17:13:34,broken clouds
205,Neuquen,-38.9516,-68.0591,75.36,22,54,7.18,AR,2022-10-01 17:13:34,broken clouds
206,Ondangwa,-17.9167,15.95,87.8,20,29,3.44,NA,2022-10-01 17:13:35,scattered clouds
207,Springbok,-29.6643,17.8865,66.06,22,6,4.23,ZA,2022-10-01 17:13:35,clear sky
208,Rio Rita,9.3039,-79.7944,80.8,85,100,7.0,PA,2022-10-01 17:13:35,overcast clouds
209,Saint-Pierre,-21.3393,55.4781,69.48,71,0,9.22,RE,2022-10-01 17:12:40,clear sky
210,La Valette-Du-Var,43.1374,5.9831,70.23,64,0,21.85,FR,2022-10-01 17:13:36,clear sky
211,Marrakesh,31.6315,-8.0083,86.07,26,40,4.61,MA,2022-10-01 17:13:36,scattered clouds
212,Parana,-31.732,-60.5238,80.55,36,2,3.91,AR,2022-10-01 17:13:37,clear sky
213,Ust-Tsilma,65.441,52.1498,39.2,99,100,6.53,RU,2022-10-01 17:13:37,light rain
214,Peniche,39.3558,-9.3811,78.3,58,96,12.06,PT,2022-10-01 17:13:38,overcast clouds
215,Eyrarbakki,63.863,-21.1481,48.25,89,100,17.63,IS,2022-10-01 17:13:38,overcast clouds
216,Gamba,-2.65,10.0,74.5,94,100,7.63,GA,2022-10-01 17:13:38,light rain
217,Mercedes,-34.6515,-59.4307,80.85,25,69,2.64,AR,2022-10-01 17:13:39,broken clouds
218,Gryfino,53.2524,14.4883,57.0,80,100,13.67,PL,2022-10-01 17:13:39,overcast clouds
219,Damaturu,11.747,11.9608,91.13,38,1,7.25,NG,2022-10-01 17:13:40,clear sky
220,Ust-Kulom,61.6864,53.6902,43.32,90,100,7.81,RU,2022-10-01 17:13:40,light rain
221,Tczew,54.0924,18.7779,56.64,68,100,9.04,PL,2022-10-01 17:13:40,light rain
222,Bogandinskiy,56.8937,65.8938,34.07,78,22,6.64,RU,2022-10-01 17:13:41,few clouds
223,Vuktyl,63.8567,57.3094,39.33,92,100,12.35,RU,2022-10-01 17:13:41,light rain
224,Gazanjyk,39.2446,55.5154,69.82,19,3,11.16,TM,2022-10-01 17:13:42,clear sky
225,Salalah,17.0151,54.0924,80.69,83,75,4.61,OM,2022-10-01 17:13:42,broken clouds
226,Geraldton,-28.7667,114.6,57.61,88,99,6.91,AU,2022-10-01 17:14:43,overcast clouds
227,Balkhash,46.844,74.9804,40.3,46,0,20.56,KZ,2022-10-01 17:14:43,clear sky
228,Hamilton,39.1834,-84.5333,71.26,41,0,17.27,US,2022-10-01 17:11:28,clear sky
229,Oskemen,49.9565,82.6119,26.56,86,6,11.18,KZ,2022-10-01 17:14:43,clear sky
230,Muros,42.7762,-9.0603,68.09,85,76,2.1,ES,2022-10-01 17:14:44,broken clouds
231,Havoysund,70.9963,24.6622,43.03,66,63,10.16,NO,2022-10-01 17:14:44,broken clouds
232,Brufut,13.3814,-16.7518,87.89,70,75,8.05,GM,2022-10-01 17:14:45,broken clouds
233,Goundi,9.3627,17.366,81.0,76,48,2.64,TD,2022-10-01 17:14:45,scattered clouds
234,Coihaique,-45.5752,-72.0662,57.15,30,0,3.44,CL,2022-10-01 17:14:45,clear sky
235,Matara,5.9485,80.5353,78.1,88,100,14.12,LK,2022-10-01 17:12:17,overcast clouds
236,Ilulissat,69.2167,-51.1,35.62,64,40,2.3,GL,2022-10-01 17:14:46,scattered clouds
237,Montevideo,-34.8335,-56.1674,68.02,62,75,12.66,UY,2022-10-01 17:14:46,broken clouds
238,Moose Factory,51.2585,-80.6094,48.18,57,75,12.66,CA,2022-10-01 17:14:47,broken clouds
239,Campamento,14.55,-86.65,83.3,49,99,3.06,HN,2022-10-01 17:14:47,overcast clouds
240,Portage,41.1667,-81.1998,62.38,56,0,8.05,US,2022-10-01 17:14:47,clear sky
241,Santa Vitoria Do Palmar,-33.5189,-53.3681,65.35,60,18,9.75,BR,2022-10-01 17:14:48,few clouds
242,Kwekwe,-18.9281,29.8149,77.65,17,3,7.2,ZW,2022-10-01 17:14:48,clear sky
243,Mahanoro,-19.9,48.8,68.22,85,0,4.94,MG,2022-10-01 17:14:48,clear sky
244,Sayyan,15.1718,44.3244,65.73,25,4,3.33,YE,2022-10-01 17:14:49,clear sky
245,Verkhnyaya Inta,65.9811,60.3094,36.34,85,100,5.55,RU,2022-10-01 17:14:49,light rain
246,Tevriz,57.509,72.4042,27.86,76,16,2.39,RU,2022-10-01 17:14:49,few clouds
247,La Rioja,42.25,-2.5,69.58,51,5,3.44,ES,2022-10-01 17:14:50,clear sky
248,San-Pedro,4.7485,-6.6363,76.3,92,94,10.74,CI,2022-10-01 17:14:50,light rain
249,Cheremshanka,56.1192,60.268,26.11,97,73,3.24,RU,2022-10-01 17:14:51,broken clouds
250,Tucuman,-26.8241,-65.2226,84.2,28,0,5.75,AR,2022-10-01 17:14:51,clear sky
251,Bardiyah,31.7561,25.0865,82.45,62,0,5.77,LY,2022-10-01 17:14:51,clear sky
252,Yar-Sale,66.8333,70.8333,32.34,71,87,13.56,RU,2022-10-01 17:13:50,overcast clouds
253,Sechura,-5.5569,-80.8222,75.69,56,26,11.54,PE,2022-10-01 17:14:52,scattered clouds
254,Kidal,18.4411,1.4078,98.26,22,74,12.44,ML,2022-10-01 17:14:52,broken clouds
255,Nuuk,64.1835,-51.7216,36.21,93,75,6.91,GL,2022-10-01 17:10:30,broken clouds
256,Hobyo,5.3505,48.5268,76.89,84,10,22.46,SO,2022-10-01 17:14:53,clear sky
257,Perigueux,45.1833,0.7167,65.61,91,100,9.24,FR,2022-10-01 17:14:53,overcast clouds
258,Ghogha,21.6833,72.2833,83.89,72,26,13.53,IN,2022-10-01 17:14:53,scattered clouds
259,Ust-Kan,50.9276,84.761,18.5,93,60,0.69,RU,2022-10-01 17:14:54,broken clouds
260,Quatre Cocos,-20.2078,57.7625,70.09,70,47,14.41,MU,2022-10-01 17:14:54,scattered clouds
261,The Valley,18.217,-63.0578,86.09,84,40,9.22,AI,2022-10-01 17:14:54,scattered clouds
262,Radchenko,56.6803,36.3718,48.43,98,100,7.16,RU,2022-10-01 17:14:55,overcast clouds
263,Asbe Teferi,9.0833,40.8667,63.52,80,92,6.15,ET,2022-10-01 17:14:55,light rain
264,Eirunepe,-6.6603,-69.8736,95.61,35,79,3.47,BR,2022-10-01 17:14:55,broken clouds
265,Halifax,44.6453,-63.5724,68.34,54,100,10.36,CA,2022-10-01 17:14:45,overcast clouds
266,Rastede,53.25,8.2,57.04,81,40,10.47,DE,2022-10-01 17:14:56,scattered clouds
267,Oeiras,-7.0253,-42.1311,100.35,14,29,7.4,BR,2022-10-01 17:14:56,scattered clouds
268,Puerto Suarez,-18.95,-57.8,88.36,48,40,6.91,BO,2022-10-01 17:14:57,scattered clouds
269,Sinnamary,5.3833,-52.95,86.36,66,75,11.83,GF,2022-10-01 17:14:57,broken clouds
270,Maragogi,-9.0122,-35.2225,79.92,62,25,11.12,BR,2022-10-01 17:14:57,scattered clouds
271,Tabou,4.423,-7.3528,76.71,88,86,10.6,CI,2022-10-01 17:14:58,light rain
272,Mushie,-3.0167,16.9,79.74,71,70,5.68,CD,2022-10-01 17:14:58,broken clouds
273,Key Largo,25.0865,-80.4473,82.4,69,93,4.76,US,2022-10-01 17:14:58,overcast clouds
274,Takab,36.4009,47.1133,61.66,38,0,5.48,IR,2022-10-01 17:14:59,clear sky
275,Zabid,14.1951,43.3152,91.78,46,0,4.94,YE,2022-10-01 17:15:59,clear sky
276,Isiro,2.7739,27.616,67.32,99,63,2.13,CD,2022-10-01 17:16:00,moderate rain
277,Vagur,61.4732,-6.8119,50.4,88,55,23.13,FO,2022-10-01 17:16:00,broken clouds
278,Iskateley,67.6803,53.1512,36.9,97,100,10.85,RU,2022-10-01 17:16:00,overcast clouds
279,Pamplona,42.8169,-1.6432,73.31,46,0,3.44,ES,2022-10-01 17:16:01,clear sky
280,Rovaniemi,66.5,25.7167,40.41,87,20,5.75,FI,2022-10-01 17:16:01,few clouds
281,Carutapera,-1.195,-46.02,87.62,58,79,12.48,BR,2022-10-01 17:16:01,broken clouds
282,Antofagasta,-23.65,-70.4,60.08,66,2,8.63,CL,2022-10-01 17:16:02,clear sky
283,Biltine,14.5333,20.9167,95.79,13,3,5.93,TD,2022-10-01 17:16:02,clear sky
284,Walhain,50.6167,4.7,61.11,73,75,8.05,BE,2022-10-01 17:16:03,broken clouds
285,Nizwa,22.9333,57.5333,87.71,30,16,8.39,OM,2022-10-01 17:16:04,few clouds
286,Kaduqli,11.0167,29.7167,76.96,72,3,4.59,SD,2022-10-01 17:16:04,light rain
287,Chicama,-7.8447,-79.1469,59.54,60,56,10.58,PE,2022-10-01 17:16:05,broken clouds
288,Thinadhoo,0.5333,72.9333,82.11,73,62,12.97,MV,2022-10-01 17:13:30,broken clouds
289,Cachoeiro De Itapemirim,-20.8489,-41.1128,75.9,64,91,5.57,BR,2022-10-01 17:16:06,overcast clouds
290,Dakar,14.6937,-17.4441,86.88,74,75,9.22,SN,2022-10-01 17:13:58,broken clouds
291,Peterlee,54.7603,-1.3365,57.34,75,13,1.01,GB,2022-10-01 17:16:07,few clouds
292,Kyabe,9.4515,18.9449,80.49,77,36,2.3,TD,2022-10-01 17:16:07,scattered clouds
293,Oriximina,-1.7656,-55.8661,99.5,32,90,6.93,BR,2022-10-01 17:13:35,overcast clouds
294,Esmeraldas,-19.7625,-44.3139,82.51,38,30,6.55,BR,2022-10-01 17:16:08,scattered clouds
295,Priiskovyy,51.9333,116.6333,32.36,65,63,13.22,RU,2022-10-01 17:16:08,broken clouds
296,Abalak,58.1286,68.5944,26.46,83,9,5.28,RU,2022-10-01 17:16:08,clear sky
297,Ahar,38.4774,47.0699,59.07,44,0,5.28,IR,2022-10-01 17:16:09,clear sky
298,Japura,-0.3167,102.35,75.04,96,100,2.91,ID,2022-10-01 17:16:09,light rain
299,Chapleau,47.8405,-83.4034,42.89,87,100,13.8,CA,2022-10-01 17:16:10,overcast clouds
300,Walvis Bay,-22.9575,14.5053,58.15,82,0,11.5,NA,2022-10-01 17:16:10,clear sky
301,Buraydah,26.326,43.975,86.45,12,0,11.72,SA,2022-10-01 17:16:11,clear sky
302,Sorland,67.667,12.6934,51.66,62,17,12.3,NO,2022-10-01 17:16:11,few clouds
303,Rio Gallegos,-51.6226,-69.2181,49.84,33,6,18.45,AR,2022-10-01 17:11:31,clear sky
304,Umm Lajj,25.0213,37.2685,88.97,52,0,13.18,SA,2022-10-01 17:16:12,clear sky
305,Maputo,-25.9653,32.5892,74.88,85,20,13.8,MZ,2022-10-01 17:16:12,few clouds
306,Kattivakkam,13.2167,80.3167,87.89,67,100,12.1,IN,2022-10-01 17:16:13,overcast clouds
307,Gibara,21.1097,-76.1317,87.12,58,11,6.22,CU,2022-10-01 17:16:13,few clouds
308,Nuevitas,21.5453,-77.2644,82.44,79,70,6.17,CU,2022-10-01 17:16:14,broken clouds
309,Temizhbekskiy,45.442,41.0312,72.73,45,25,3.31,RU,2022-10-01 17:16:14,scattered clouds
310,Wagar,16.1525,36.2032,94.12,27,32,9.22,SD,2022-10-01 17:16:14,scattered clouds
311,Itacare,-14.2775,-38.9967,75.24,87,98,4.68,BR,2022-10-01 17:16:15,overcast clouds
312,Am Timan,11.0297,20.2827,81.77,66,21,3.02,TD,2022-10-01 17:16:15,few clouds
313,Iquitos,-3.7481,-73.2472,87.84,62,75,6.91,PE,2022-10-01 17:12:30,broken clouds
314,Coari,-4.085,-63.1414,97.38,37,54,1.54,BR,2022-10-01 17:16:16,broken clouds
315,Sacramento,38.4666,-121.3177,84.58,63,0,5.75,US,2022-10-01 17:16:16,clear sky
316,Saint-Francois,46.4154,3.9054,67.44,77,75,11.5,FR,2022-10-01 17:16:17,broken clouds
317,Yarmouth,41.7057,-70.2286,57.99,95,100,10.36,US,2022-10-01 17:16:17,moderate rain
318,Illapel,-31.6308,-71.1653,75.61,40,5,7.31,CL,2022-10-01 17:16:18,clear sky
319,Isla Mujeres,21.2311,-86.731,86.16,62,89,6.67,MX,2022-10-01 17:16:18,overcast clouds
320,Oranjemund,-28.55,16.4333,59.36,81,2,10.27,NA,2022-10-01 17:17:19,clear sky
321,Soderhamn,61.3037,17.0592,48.96,74,95,5.03,SE,2022-10-01 17:14:33,overcast clouds
322,Malangwa,26.8568,85.5581,78.69,78,9,5.95,NP,2022-10-01 17:17:19,clear sky
323,Pisco,-13.7,-76.2167,67.01,63,0,9.22,PE,2022-10-01 17:17:20,clear sky
324,Gwadar,25.1216,62.3254,80.53,76,0,9.8,PK,2022-10-01 17:17:20,clear sky
325,Ardakan,32.31,54.0175,81.1,17,0,6.06,IR,2022-10-01 17:17:21,clear sky
326,Dingle,10.9995,122.6711,76.42,91,52,6.71,PH,2022-10-01 17:17:21,broken clouds
327,Faaborg,55.0951,10.2423,57.2,83,67,16.84,DK,2022-10-01 17:17:22,broken clouds
328,Ancud,-41.8697,-73.8203,55.35,55,15,2.48,CL,2022-10-01 17:13:54,few clouds
329,Asfi,32.2994,-9.2372,74.66,57,4,22.19,MA,2022-10-01 17:13:35,clear sky
330,Necochea,-38.5473,-58.7368,71.1,40,60,6.91,AR,2022-10-01 17:13:52,broken clouds
331,Arshan,46.2732,44.22,71.98,35,83,4.47,RU,2022-10-01 17:17:23,broken clouds
332,Mizan Teferi,6.9833,35.5833,59.81,96,61,3.27,ET,2022-10-01 17:17:23,light rain
333,Maloy,61.9353,5.1136,53.73,55,48,13.78,NO,2022-10-01 17:17:23,light rain
334,Sakakah,29.9697,40.2064,89.17,15,0,6.15,SA,2022-10-01 17:17:24,clear sky
335,Calais,50.9167,1.8333,62.62,73,32,19.51,FR,2022-10-01 17:16:11,scattered clouds
336,Aswan,24.0934,32.907,96.96,15,0,19.89,EG,2022-10-01 17:17:24,clear sky
337,Touros,-5.1989,-35.4608,83.46,62,18,19.64,BR,2022-10-01 17:17:25,few clouds
338,Kismayo,-0.3582,42.5454,76.55,78,3,14.16,SO,2022-10-01 17:17:26,clear sky
339,Huarmey,-10.0681,-78.1522,68.79,71,58,12.35,PE,2022-10-01 17:17:26,broken clouds
340,Kumluca,36.3703,30.2869,84.81,43,0,7.7,TR,2022-10-01 17:17:27,clear sky
341,Trastenik,43.52,24.4685,69.64,83,75,4.61,BG,2022-10-01 17:17:27,broken clouds
342,Sompeta,18.9333,84.6,80.19,82,38,5.75,IN,2022-10-01 17:17:28,scattered clouds
343,Brae,60.3964,-1.353,52.39,86,97,19.62,GB,2022-10-01 17:17:28,overcast clouds
344,Korhogo,9.45,-5.6333,81.95,67,71,6.02,CI,2022-10-01 17:17:28,broken clouds
345,Roros,62.5747,11.3842,46.24,76,100,6.91,NO,2022-10-01 17:17:29,light rain
346,Opuwo,-18.0607,13.84,85.26,16,17,6.58,NA,2022-10-01 17:17:29,few clouds
347,Bereda,43.2686,-7.5406,71.42,74,67,4.09,ES,2022-10-01 17:17:30,broken clouds
348,Zapolyarnyy,69.4154,30.8136,38.48,99,100,4.68,RU,2022-10-01 17:17:30,overcast clouds
349,Salinas,36.6777,-121.6555,60.89,88,100,8.05,US,2022-10-01 17:17:29,overcast clouds
350,Axim,4.8699,-2.2405,77.77,82,46,10.83,GH,2022-10-01 17:17:31,scattered clouds
351,Korocha,50.8107,37.1953,65.12,74,87,10.11,RU,2022-10-01 17:17:31,overcast clouds
352,Aksarka,66.5606,67.7975,32.59,69,83,14.29,RU,2022-10-01 17:17:07,broken clouds
353,Pindi Gheb,33.2402,72.2661,86.4,38,5,6.71,PK,2022-10-01 17:17:32,clear sky
354,Tromso,69.6496,18.957,39.22,60,0,2.3,NO,2022-10-01 17:16:25,clear sky
355,Groton,41.3501,-72.0784,58.71,93,100,13.8,US,2022-10-01 17:17:32,overcast clouds
356,Brigantine,39.4101,-74.3646,65.01,93,100,19.57,US,2022-10-01 17:17:03,overcast clouds
357,Toropets,56.4978,31.6353,46.24,95,100,8.23,RU,2022-10-01 17:17:33,light rain
358,Yei,4.095,30.6779,71.2,83,27,2.51,SS,2022-10-01 17:17:33,scattered clouds
359,Hambantota,6.1241,81.1185,79.75,80,100,16.37,LK,2022-10-01 17:17:33,overcast clouds
360,Jamame,0.0722,42.7506,75.52,76,11,11.81,SO,2022-10-01 17:13:51,few clouds
361,Lieksa,63.3167,30.0167,44.22,76,83,4.07,FI,2022-10-01 17:17:34,broken clouds
362,Kedrovyy,56.1667,91.8167,30.87,95,98,3.69,RU,2022-10-01 17:17:34,overcast clouds
363,Vestmannaeyjar,63.4427,-20.2734,47.39,93,75,25.32,IS,2022-10-01 17:17:35,mist
364,Breytovo,58.2993,37.8617,48.43,95,100,8.03,RU,2022-10-01 17:17:35,overcast clouds
365,Valparaiso,-33.0393,-71.6273,63.0,89,100,10.36,CL,2022-10-01 17:13:45,fog
366,Carapegua,-25.8,-57.2333,80.08,33,0,6.06,PY,2022-10-01 17:18:35,clear sky
367,Skjervoy,70.0311,20.9714,35.6,62,4,11.97,NO,2022-10-01 17:18:36,clear sky
368,Durban,-29.8579,31.0292,70.72,87,96,5.01,ZA,2022-10-01 17:18:37,overcast clouds
369,La Roche-Sur-Yon,46.6667,-1.4333,64.67,94,100,11.5,FR,2022-10-01 17:18:37,mist
370,Nantucket,41.2835,-70.0995,62.71,76,100,18.41,US,2022-10-01 17:15:54,moderate rain
371,Sisimiut,66.9395,-53.6735,35.49,84,99,10.04,GL,2022-10-01 17:18:38,overcast clouds
372,Dharmadam,11.7833,75.4333,76.39,86,100,6.42,IN,2022-10-01 17:18:38,overcast clouds
373,Ruangwa,-10.0667,38.9333,71.17,74,8,8.84,TZ,2022-10-01 17:18:39,clear sky
374,Ramhormoz,31.28,49.6035,91.8,11,0,4.36,IR,2022-10-01 17:18:39,clear sky
375,Adrar,20.5022,-10.0711,90.18,19,0,8.66,MR,2022-10-01 17:18:39,clear sky
376,Znamenskoye,57.1281,73.8282,28.45,72,43,2.21,RU,2022-10-01 17:18:40,scattered clouds
377,Yanam,16.7333,82.2167,74.23,98,100,4.92,IN,2022-10-01 17:18:40,light rain
378,Miraflores,19.2167,-98.8083,71.98,47,29,3.69,MX,2022-10-01 17:18:40,scattered clouds
379,Sur,22.5667,59.5289,82.56,73,0,11.74,OM,2022-10-01 17:18:41,clear sky
380,Porto Empedocle,37.2934,13.5264,71.31,60,50,15.95,IT,2022-10-01 17:18:41,scattered clouds
381,Laukaa,58.7372,29.8453,45.28,82,100,3.4,RU,2022-10-01 17:18:42,overcast clouds
382,Mabaruma,8.2,-59.7833,90.72,56,66,7.99,GY,2022-10-01 17:18:42,broken clouds
383,Aurillac,44.9167,2.45,58.08,95,100,5.75,FR,2022-10-01 17:18:42,mist
384,Quelimane,-17.8786,36.8883,76.95,78,0,10.36,MZ,2022-10-01 17:18:43,clear sky
385,Namwala,-15.7504,26.4384,81.81,21,1,6.08,ZM,2022-10-01 17:18:43,clear sky
386,Viedma,-40.8135,-62.9967,70.43,35,0,13.09,AR,2022-10-01 17:18:44,clear sky
387,Cockburn Town,21.4612,-71.1419,82.83,73,45,17.74,TC,2022-10-01 17:18:29,scattered clouds
388,Khash,28.2211,61.2158,72.05,15,0,12.64,IR,2022-10-01 17:18:44,clear sky
389,Pinerolo,44.8833,7.35,67.62,75,22,3.91,IT,2022-10-01 17:18:44,few clouds
390,Turbat,26.0023,63.044,81.57,61,0,12.93,PK,2022-10-01 17:18:45,clear sky
391,Mayor Pablo Lagerenza,-19.9309,-60.7718,90.93,27,4,4.41,PY,2022-10-01 17:18:45,clear sky
392,Takoradi,4.8845,-1.7554,77.49,85,46,11.63,GH,2022-10-01 17:18:46,light rain
393,Lokoja,7.8024,6.743,80.82,82,91,3.44,NG,2022-10-01 17:18:46,light rain
394,Goksun,38.021,36.4973,66.54,32,0,6.06,TR,2022-10-01 17:18:46,clear sky
395,Boca Do Acre,-8.7522,-67.3978,99.81,28,46,3.31,BR,2022-10-01 17:18:48,scattered clouds
396,Pinillos,8.9193,-74.4677,89.29,54,100,2.98,CO,2022-10-01 17:14:55,overcast clouds
397,Senneterre,48.3835,-77.2328,45.63,54,65,10.45,CA,2022-10-01 17:18:48,broken clouds
398,Barcelos,41.5388,-8.6151,74.91,63,40,5.59,PT,2022-10-01 17:18:49,scattered clouds
399,Maraa,-1.8333,-65.3667,96.66,38,94,1.81,BR,2022-10-01 17:18:49,overcast clouds
400,Port Hawkesbury,45.6169,-61.3485,68.92,62,0,11.99,CA,2022-10-01 17:18:50,clear sky
401,Bavleny,56.4,39.56,54.86,94,100,5.75,RU,2022-10-01 17:18:50,light rain
402,Marsh Harbour,26.5412,-77.0636,82.8,70,35,3.44,BS,2022-10-01 17:18:50,scattered clouds
403,Gunjur,13.2019,-16.7339,87.87,70,75,8.05,GM,2022-10-01 17:18:51,broken clouds
404,General Pico,-35.6566,-63.7568,81.88,17,100,8.12,AR,2022-10-01 17:18:51,overcast clouds
405,Mantua,45.1667,10.7833,67.24,74,48,4.0,IT,2022-10-01 17:16:21,scattered clouds
406,Palmas Bellas,9.2319,-80.0867,82.26,84,100,3.85,PA,2022-10-01 17:18:52,overcast clouds
407,Dutse,11.7594,9.3392,87.46,49,9,4.7,NG,2022-10-01 17:18:52,clear sky
408,Achalpur,21.2572,77.5086,76.03,69,10,5.99,IN,2022-10-01 17:18:53,clear sky
409,Kudahuvadhoo,2.6708,72.8944,82.62,76,100,17.67,MV,2022-10-01 17:18:53,overcast clouds
410,Zaysan,47.4667,84.8667,29.93,42,1,7.49,KZ,2022-10-01 17:18:53,clear sky
411,Kuminskiy,58.6667,66.5667,26.58,82,53,5.88,RU,2022-10-01 17:18:54,broken clouds
412,Matiri,-10.75,34.9,70.11,41,27,3.36,TZ,2022-10-01 17:18:54,scattered clouds
413,Ilebo,-4.3167,20.5833,75.76,79,53,1.57,CD,2022-10-01 17:18:55,light rain
414,High Rock,26.6208,-78.2833,84.22,77,48,13.29,BS,2022-10-01 17:18:55,scattered clouds
415,Saint-Joseph,-21.3667,55.6167,68.38,75,27,11.41,RE,2022-10-01 17:19:55,scattered clouds
416,Farafangana,-22.8167,47.8333,71.01,75,4,11.3,MG,2022-10-01 17:19:56,clear sky
417,Vila Franca Do Campo,37.7167,-25.4333,73.81,76,56,12.21,PT,2022-10-01 17:19:56,broken clouds
418,Menton,43.7765,7.5044,71.51,60,0,5.93,FR,2022-10-01 17:19:56,clear sky
419,Dibulla,11.2725,-73.3091,85.42,66,82,5.93,CO,2022-10-01 17:16:09,broken clouds
420,Verkhniy Fiagdon,42.8333,44.3053,53.67,79,63,3.83,RU,2022-10-01 17:19:57,broken clouds
421,Jalu,29.0331,21.5482,95.54,14,0,10.49,LY,2022-10-01 17:15:09,clear sky
422,Conde,-7.2597,-34.9075,85.46,54,75,17.27,BR,2022-10-01 17:19:58,broken clouds
423,Bangassou,4.7413,22.8184,73.29,91,40,1.9,CF,2022-10-01 17:19:58,light rain
424,Abonnema,4.7084,6.7931,79.09,78,90,9.8,NG,2022-10-01 17:19:58,overcast clouds
425,Maniwaki,46.3834,-75.966,60.15,72,100,9.22,CA,2022-10-01 17:19:59,overcast clouds
426,Ubinskoye,55.3068,79.6802,30.07,73,54,2.57,RU,2022-10-01 17:19:59,broken clouds
427,Mpika,-11.8343,31.4529,68.95,29,5,4.29,ZM,2022-10-01 17:20:00,clear sky
428,Heidelberg,-26.5048,28.3592,78.71,21,34,3.51,ZA,2022-10-01 17:20:00,scattered clouds
429,Areosa,41.7178,-8.8571,66.24,73,49,7.54,PT,2022-10-01 17:20:00,scattered clouds
430,Pyshma,56.9523,63.2513,32.99,70,42,10.07,RU,2022-10-01 17:20:01,scattered clouds
431,San Lawrenz,36.0553,14.204,75.85,79,56,5.01,MT,2022-10-01 17:20:01,broken clouds
432,Fuerte Olimpo,-21.0415,-57.8738,89.56,39,18,5.3,PY,2022-10-01 17:20:01,few clouds
433,Awbari,26.5921,12.7805,95.68,10,0,8.3,LY,2022-10-01 17:18:22,clear sky
434,Kayerkan,69.3497,87.7602,28.53,100,100,9.17,RU,2022-10-01 17:20:02,light snow
435,Alappuzha,9.49,76.3264,79.0,83,100,7.38,IN,2022-10-01 17:20:03,overcast clouds
436,Jalingo,8.8833,11.3667,80.44,78,64,2.37,NG,2022-10-01 17:20:03,light rain
437,Coromandel,-18.4733,-47.2003,85.75,38,11,5.26,BR,2022-10-01 17:20:04,few clouds
438,Skibbereen,51.55,-9.2667,59.11,84,54,14.27,IE,2022-10-01 17:20:04,light rain
439,Bagado,5.4116,-76.4152,80.62,85,100,3.24,CO,2022-10-01 17:20:05,moderate rain
440,Camana,-16.6228,-72.7111,66.47,68,17,10.94,PE,2022-10-01 17:20:05,few clouds
441,Ambovombe,-25.1667,46.0833,71.2,76,0,12.3,MG,2022-10-01 17:20:06,clear sky
442,Kurchum,48.5722,83.6542,33.57,54,6,7.54,KZ,2022-10-01 17:20:06,clear sky
443,Bay Roberts,47.5999,-53.2648,66.33,54,2,13.0,CA,2022-10-01 17:20:06,clear sky
444,Siderno,38.2779,16.302,71.13,74,60,21.81,IT,2022-10-01 17:20:07,broken clouds
445,Abu Zabad,12.35,29.25,73.98,79,33,24.14,SD,2022-10-01 17:20:07,moderate rain
446,Crixas,-14.5489,-49.9692,102.65,17,14,6.15,BR,2022-10-01 17:20:08,few clouds
447,Mongo,12.1844,18.693,87.12,49,7,2.19,TD,2022-10-01 17:20:08,clear sky
448,Tazovskiy,67.4667,78.7,30.34,74,99,12.3,RU,2022-10-01 17:19:28,overcast clouds
449,Leningradskiy,69.3833,178.4167,26.6,82,100,8.88,RU,2022-10-01 17:20:09,overcast clouds
450,Itarema,-2.9248,-39.9167,86.52,54,24,19.51,BR,2022-10-01 17:15:25,few clouds
451,Pachino,36.7186,15.0907,76.86,71,84,9.4,IT,2022-10-01 17:20:10,broken clouds
452,Yako,12.9667,-2.2667,88.93,47,72,10.47,BF,2022-10-01 17:20:11,broken clouds
453,Abu Dhabi,24.4667,54.3667,89.62,70,0,5.75,AE,2022-10-01 17:15:56,clear sky
454,Najran,17.4924,44.1277,81.25,14,2,3.04,SA,2022-10-01 17:20:12,clear sky
455,Havelock,34.8791,-76.9013,76.98,73,45,1.01,US,2022-10-01 17:19:52,scattered clouds
456,El Tigre,8.8875,-64.2454,86.79,56,100,8.99,VE,2022-10-01 17:20:13,overcast clouds
457,Sandviken,60.6167,16.7667,49.57,84,99,4.32,SE,2022-10-01 17:20:14,overcast clouds
458,Black River,18.0264,-77.8487,83.21,70,100,4.79,JM,2022-10-01 17:20:15,overcast clouds
459,Conceicao Do Araguaia,-8.2578,-49.2647,103.17,16,6,7.92,BR,2022-10-01 17:20:15,clear sky
460,Dunmore East,52.1514,-6.9861,62.69,69,40,12.66,IE,2022-10-01 17:21:16,scattered clouds
461,Havre-Saint-Pierre,50.2334,-63.5986,55.76,33,0,11.5,CA,2022-10-01 17:21:16,clear sky
462,Kavaratti,10.5669,72.642,81.59,76,100,16.75,IN,2022-10-01 17:21:16,overcast clouds
463,Mumford,5.2618,-0.759,77.18,85,30,13.96,GH,2022-10-01 17:21:17,scattered clouds
464,San Juan,-31.5375,-68.5364,77.67,22,0,6.04,AR,2022-10-01 17:19:14,clear sky
465,Ereymentau,51.6199,73.1033,31.08,60,5,5.39,KZ,2022-10-01 17:21:17,clear sky
466,Puerto Del Rosario,28.5004,-13.8627,74.95,73,75,18.41,ES,2022-10-01 17:18:37,broken clouds
467,Manacapuru,-3.2997,-60.6206,92.88,43,85,1.03,BR,2022-10-01 17:21:18,overcast clouds
468,Yelnya,54.5786,33.1837,53.58,93,99,12.88,RU,2022-10-01 17:21:18,overcast clouds
469,Sao Paulo De Olivenca,-3.3783,-68.8725,95.0,40,94,3.51,BR,2022-10-01 17:21:19,overcast clouds
470,Sargatskoye,55.6101,73.4972,28.56,83,20,4.74,RU,2022-10-01 17:21:19,few clouds
471,Nizhniy Odes,63.6445,54.856,41.85,95,100,9.31,RU,2022-10-01 17:21:20,overcast clouds
472,Begusarai,25.4167,86.1333,85.44,63,82,6.53,IN,2022-10-01 17:21:20,broken clouds
473,Belyy Yar,53.6039,91.3903,30.09,75,0,4.47,RU,2022-10-01 17:21:21,clear sky
474,Uspenka,48.3903,39.1619,68.77,66,97,10.47,UA,2022-10-01 17:21:21,overcast clouds
475,Kargil,34.5667,76.1,47.43,48,85,7.81,IN,2022-10-01 17:19:21,overcast clouds
476,Loyga,61.0784,44.6075,47.12,87,100,1.54,RU,2022-10-01 17:21:22,overcast clouds
477,Chapais,49.7834,-74.8492,44.38,60,100,8.88,CA,2022-10-01 17:17:47,overcast clouds
478,Qasigiannguit,68.8193,-51.1922,35.85,72,56,0.89,GL,2022-10-01 17:21:22,broken clouds
479,Vylkove,45.4021,29.586,71.4,66,100,12.41,UA,2022-10-01 17:21:22,overcast clouds
480,Berbera,10.4396,45.0143,90.43,59,58,2.04,SO,2022-10-01 17:21:23,broken clouds
481,Grand Gaube,-20.0064,57.6608,70.38,69,6,7.0,MU,2022-10-01 17:17:36,clear sky
482,Bako,5.7833,36.5667,69.03,67,74,4.07,ET,2022-10-01 17:21:23,broken clouds
483,Campbeltown,55.4258,-5.6076,55.45,80,5,23.82,GB,2022-10-01 17:21:24,clear sky
484,Novodolinskiy,49.705,72.7047,21.78,48,0,9.48,KZ,2022-10-01 17:21:24,clear sky
485,Kristinehamn,59.3098,14.1081,54.16,74,100,7.38,SE,2022-10-01 17:21:25,overcast clouds
486,Sept-Iles,50.2001,-66.3821,52.32,45,20,11.5,CA,2022-10-01 17:21:25,few clouds
487,Aizpute,56.7167,21.6,47.43,80,64,5.66,LV,2022-10-01 17:21:26,broken clouds
488,Sayhat,26.4852,50.0405,84.42,35,0,3.74,SA,2022-10-01 17:21:26,clear sky
489,Ambilobe,-13.2,49.05,71.02,72,3,2.77,MG,2022-10-01 17:21:26,clear sky
490,Zemio,5.0314,25.1361,75.0,81,54,4.27,CF,2022-10-01 17:21:27,light rain
491,Grand-Santi,4.25,-54.3833,99.05,27,76,3.67,GF,2022-10-01 17:21:27,broken clouds
492,Cassilandia,-19.1133,-51.7342,90.73,38,30,4.72,BR,2022-10-01 17:18:21,scattered clouds
493,Strezhevoy,60.7333,77.5889,27.82,78,47,4.23,RU,2022-10-01 17:21:28,scattered clouds
494,Dalbandin,28.8947,64.4101,81.73,11,0,3.94,PK,2022-10-01 17:21:28,clear sky
495,Timizart,36.8,4.2667,68.49,66,9,6.85,DZ,2022-10-01 17:21:28,clear sky
496,Pimentel,-6.8367,-79.9342,70.09,64,0,13.8,PE,2022-10-01 17:21:29,clear sky
497,Atocha,-20.9333,-66.2333,63.0,10,35,13.02,BO,2022-10-01 17:21:29,scattered clouds
498,Keratea,37.8073,23.9769,79.48,53,0,6.91,GR,2022-10-01 17:21:30,clear sky
499,Tarpon Springs,28.1461,-82.7568,83.1,57,40,7.0,US,2022-10-01 17:21:30,scattered clouds
500,Larsnes,62.2028,5.5773,57.79,76,61,4.72,NO,2022-10-01 17:21:31,broken clouds
501,Marzuq,14.4,46.4667,77.32,48,7,6.78,YE,2022-10-01 17:21:31,clear sky
502,Uray,60.1247,64.7758,30.24,71,58,9.13,RU,2022-10-01 17:21:32,broken clouds
503,Cabedelo,-6.9811,-34.8339,86.67,63,18,17.29,BR,2022-10-01 17:21:32,few clouds
504,Lumeje,-11.55,20.7833,79.81,26,49,6.6,AO,2022-10-01 17:21:32,scattered clouds
505,Awjilah,29.1081,21.2869,95.92,14,0,10.33,LY,2022-10-01 17:16:49,clear sky
506,Gazli,40.1333,63.45,65.07,16,0,14.0,UZ,2022-10-01 17:22:33,clear sky
507,Hagerstown,39.6418,-77.72,58.05,90,100,5.75,US,2022-10-01 17:22:33,overcast clouds
508,Vila Do Maio,15.1333,-23.2167,84.99,78,100,11.61,CV,2022-10-01 17:22:33,overcast clouds
509,Punuare,14.7333,-85.9667,90.36,56,94,1.45,HN,2022-10-01 17:22:34,overcast clouds
510,Balykshi,47.0667,51.8667,62.6,27,40,2.24,KZ,2022-10-01 17:22:34,scattered clouds
511,Greensboro,36.0726,-79.792,60.04,97,100,8.05,US,2022-10-01 17:22:35,mist
512,Sainte-Anne-Des-Monts,49.124,-66.4924,51.67,54,79,3.44,CA,2022-10-01 17:22:35,broken clouds
513,Antalaha,-14.9003,50.2788,67.28,80,9,9.04,MG,2022-10-01 17:22:36,clear sky
514,Dudinka,69.4058,86.1778,29.62,95,100,9.08,RU,2022-10-01 17:22:36,overcast clouds
515,Porto Santo,33.072,-16.3415,71.98,68,40,17.27,PT,2022-10-01 17:22:36,scattered clouds
516,Iesolo,45.5331,12.6448,68.45,67,65,12.41,IT,2022-10-01 17:22:37,broken clouds
517,Kirov,58.5966,49.6601,47.53,89,100,11.03,RU,2022-10-01 17:21:03,overcast clouds
518,Tyazhinskiy,56.116,88.524,27.97,90,98,4.7,RU,2022-10-01 17:22:37,overcast clouds
519,Mizdah,31.4451,12.9801,83.43,58,30,21.63,LY,2022-10-01 17:22:37,scattered clouds
520,Sussex,41.1834,-74.6663,57.51,87,100,9.78,US,2022-10-01 17:20:47,overcast clouds
521,Sao Felix Do Xingu,-6.6447,-51.995,95.95,31,64,7.9,BR,2022-10-01 17:19:42,broken clouds
522,Inhambane,-23.865,35.3833,75.18,88,20,13.8,MZ,2022-10-01 17:22:38,few clouds
523,Bermeo,43.4209,-2.7215,73.4,75,6,2.91,ES,2022-10-01 17:22:38,clear sky
524,Totma,59.9747,42.7642,48.63,92,100,3.09,RU,2022-10-01 17:22:39,heavy intensity rain
525,Tortona,44.8978,8.8637,67.75,64,12,8.52,IT,2022-10-01 17:22:39,few clouds
526,Vallenar,-28.5708,-70.7581,77.88,27,0,8.12,CL,2022-10-01 17:22:40,clear sky
527,Sao Joao Da Barra,-21.6403,-41.0511,75.29,67,100,12.15,BR,2022-10-01 17:18:26,overcast clouds
528,San Cristobal,7.7669,-72.225,82.58,49,98,8.61,VE,2022-10-01 17:22:40,overcast clouds
529,Aguilas,37.4063,-1.5829,72.66,52,92,5.73,ES,2022-10-01 17:22:40,overcast clouds
530,Starcevo,41.4167,25.0667,65.23,63,80,4.61,BG,2022-10-01 17:22:41,broken clouds
531,Pocone,-16.2567,-56.6228,97.18,33,41,3.51,BR,2022-10-01 17:22:41,scattered clouds
532,Mogadishu,2.0371,45.3438,77.29,83,15,17.27,SO,2022-10-01 17:22:42,few clouds
533,Iracoubo,5.4802,-53.2011,85.62,68,60,11.56,GF,2022-10-01 17:22:42,broken clouds
534,Tolmachevo,54.9824,82.7363,35.58,69,0,4.47,RU,2022-10-01 17:22:43,clear sky
535,Aviles,43.5547,-5.9248,68.94,79,75,5.01,ES,2022-10-01 17:22:43,broken clouds
536,Znamenka,52.4167,41.4311,59.23,94,84,8.41,RU,2022-10-01 17:22:43,broken clouds
537,Kisangani,0.5167,25.2,79.54,68,96,0.78,CD,2022-10-01 17:22:44,overcast clouds
538,Iberia,29.9502,-91.7507,81.05,29,0,9.22,US,2022-10-01 17:22:44,clear sky
539,Freetown,8.484,-13.2299,76.71,94,75,3.44,SL,2022-10-01 17:22:44,thunderstorm
540,Plaster Rock,46.9065,-67.39,63.12,59,100,7.0,CA,2022-10-01 17:22:45,overcast clouds
541,Los Palacios,22.5872,-83.2486,84.11,53,22,5.12,CU,2022-10-01 17:22:45,few clouds
542,Cozumel,20.5083,-86.9458,87.87,64,0,5.99,MX,2022-10-01 17:21:41,clear sky
543,Camacha,33.0833,-16.3333,69.22,68,40,17.27,PT,2022-10-01 17:22:45,scattered clouds
544,Miragoane,18.4423,-73.0876,86.29,62,85,9.37,HT,2022-10-01 17:22:46,overcast clouds
545,Belmonte,-15.8631,-38.8828,77.56,71,71,10.07,BR,2022-10-01 17:22:46,broken clouds
546,Arkhangelsk,64.5401,40.5433,44.71,100,75,0.0,RU,2022-10-01 17:22:47,broken clouds
547,Oktyabrskoye,43.0645,44.7417,60.35,67,8,6.71,RU,2022-10-01 17:22:47,clear sky
548,Diamantino,-14.4086,-56.4461,96.62,32,47,5.17,BR,2022-10-01 17:22:47,scattered clouds
549,Mbulu,-3.85,35.5333,63.73,56,23,7.61,TZ,2022-10-01 17:22:48,few clouds
550,Lipin Bor,60.2622,37.9763,45.48,84,100,4.25,RU,2022-10-01 17:22:48,overcast clouds
551,Laishevo,55.4046,49.5504,52.02,82,100,14.14,RU,2022-10-01 17:22:48,overcast clouds
552,Buncrana,55.1333,-7.45,53.67,76,7,19.1,IE,2022-10-01 17:22:50,clear sky
553,Witu,-2.3889,40.4382,75.36,78,64,11.63,KE,2022-10-01 17:20:14,broken clouds
554,Makhinjauri,41.6739,41.694,64.26,88,0,5.75,GE,2022-10-01 17:22:50,clear sky
555,Kolondieba,11.0882,-6.8926,82.81,74,98,1.45,ML,2022-10-01 17:23:51,light rain
556,Abha,18.2164,42.5053,66.02,52,0,6.91,SA,2022-10-01 17:23:51,clear sky
557,Comodoro Rivadavia,-45.8667,-67.5,57.06,38,0,13.8,AR,2022-10-01 17:23:51,clear sky
558,Maceio,-9.6658,-35.7353,83.64,61,40,12.66,BR,2022-10-01 17:23:52,scattered clouds
559,Adamas,36.7333,24.4333,76.59,75,37,11.81,GR,2022-10-01 17:23:52,scattered clouds
560,Sisian,39.5256,46.0251,53.1,59,27,4.92,AM,2022-10-01 17:23:53,scattered clouds
561,Oistins,13.0667,-59.5333,87.89,70,40,13.8,BB,2022-10-01 17:23:53,scattered clouds
562,Imbituba,-28.24,-48.6703,69.42,69,28,4.85,BR,2022-10-01 17:23:53,scattered clouds
563,Alta Floresta,-9.8756,-56.0861,98.42,39,20,4.61,BR,2022-10-01 17:23:54,few clouds
564,Hagere Hiywet,8.9833,37.85,57.65,88,14,2.75,ET,2022-10-01 17:23:54,light rain
565,Pozo Colorado,-23.4923,-58.7972,85.33,30,0,5.95,PY,2022-10-01 17:23:55,clear sky
566,Benjamin Constant,-4.3831,-70.0311,84.33,65,75,4.61,BR,2022-10-01 17:23:55,broken clouds
567,Benghazi,32.1167,20.0667,86.72,51,0,6.76,LY,2022-10-01 17:23:55,clear sky
568,Novoagansk,61.9449,76.6625,27.55,84,34,6.17,RU,2022-10-01 17:23:56,scattered clouds
569,Kashi,39.4547,75.9797,69.01,17,97,15.66,CN,2022-10-01 17:23:56,overcast clouds
570,Tyulyachi,55.8913,50.2399,48.0,86,100,10.16,RU,2022-10-01 17:23:57,overcast clouds
571,Sharan,54.8167,54.0,45.09,66,86,11.5,RU,2022-10-01 17:23:57,overcast clouds
572,Maxixe,-23.8597,35.3472,75.02,88,20,13.8,MZ,2022-10-01 17:23:57,few clouds
573,Eresos,39.1667,25.9333,73.89,60,24,7.36,GR,2022-10-01 17:23:58,few clouds
574,Hjallerup,57.1647,10.1457,53.82,93,75,8.05,DK,2022-10-01 17:23:58,broken clouds
575,Perumpavur,10.1333,76.4833,78.71,89,75,2.3,IN,2022-10-01 17:23:58,mist
576,Carballo,43.213,-8.691,67.91,85,77,5.46,ES,2022-10-01 17:23:59,broken clouds
577,Moroni,-11.7022,43.2551,75.22,75,22,1.86,KM,2022-10-01 17:23:59,few clouds
578,Bara,10.3744,10.7288,84.45,62,20,3.65,NG,2022-10-01 17:23:59,few clouds
579,Wattegama,6.7989,81.4808,79.09,70,100,8.48,LK,2022-10-01 17:24:00,overcast clouds
580,Behbahan,30.5959,50.2417,87.04,13,0,3.27,IR,2022-10-01 17:24:00,clear sky
581,Banes,20.9625,-75.7186,88.57,54,8,5.61,CU,2022-10-01 17:24:00,clear sky
582,Capim Grosso,-11.3811,-40.0128,85.59,43,79,12.01,BR,2022-10-01 17:19:07,broken clouds
583,Lannion,48.75,-3.4167,66.74,82,0,12.66,FR,2022-10-01 17:24:01,clear sky
584,Omboue,-1.5746,9.2618,74.3,93,100,8.66,GA,2022-10-01 17:24:01,light rain
585,Imst,47.2684,10.6698,42.58,97,100,3.47,AT,2022-10-01 17:24:02,snow
586,Tucurui,-3.7661,-49.6725,101.19,27,98,4.88,BR,2022-10-01 17:24:02,overcast clouds
587,Koygorodok,60.445,50.9968,46.35,89,100,8.97,RU,2022-10-01 17:24:03,overcast clouds
588,Camara De Lobos,32.6333,-16.9667,74.03,60,20,14.97,PT,2022-10-01 17:24:03,few clouds
589,Caraballeda,10.6112,-66.8522,92.37,57,38,1.61,VE,2022-10-01 17:24:03,scattered clouds
590,Yenagoa,4.9247,6.2642,78.26,85,82,6.31,NG,2022-10-01 17:24:04,light rain
591,Mto Wa Mbu,-3.35,35.85,78.31,44,31,5.44,TZ,2022-10-01 17:24:04,scattered clouds
592,Kananga,-5.8958,22.4178,75.25,73,87,4.68,CD,2022-10-01 17:24:05,light rain
593,Santa Cruz De La Palma,28.6835,-17.7642,75.34,60,75,13.8,ES,2022-10-01 17:24:05,broken clouds
594,Harer,9.3094,42.1258,61.2,86,99,2.89,ET,2022-10-01 17:24:05,light rain
595,Quebo,11.3333,-14.9333,81.81,82,100,6.76,GW,2022-10-01 17:24:06,light rain
596,Tambura,5.6,27.4667,76.12,75,86,2.26,SS,2022-10-01 17:24:06,overcast clouds
597,Liverpool,53.4106,-2.9779,60.75,77,40,17.27,GB,2022-10-01 17:24:07,scattered clouds
598,Tvoroyri,61.5556,-6.8111,51.08,88,54,22.86,FO,2022-10-01 17:24:07,broken clouds
599,Parry Sound,45.3501,-80.033,62.65,59,100,8.95,CA,2022-10-01 17:24:07,overcast clouds
600,Juazeiro Do Norte,-7.2131,-39.3153,94.96,20,0,11.5,BR,2022-10-01 17:24:08,clear sky
601,Jacareacanga,-6.2222,-57.7528,94.69,38,94,2.53,BR,2022-10-01 17:24:08,moderate rain
602,Mezen,65.8522,44.24,38.61,97,86,5.75,RU,2022-10-01 17:24:08,overcast clouds
603,New York,40.7143,-74.006,60.96,90,100,23.02,US,2022-10-01 17:23:09,overcast clouds
604,Igrim,63.1906,64.4162,35.46,66,100,9.75,RU,2022-10-01 17:25:09,overcast clouds
605,Shelburne,44.0787,-80.2041,63.12,54,100,11.16,CA,2022-10-01 17:21:14,overcast clouds
606,Farafenni,13.5667,-15.6,85.44,73,97,4.32,GM,2022-10-01 17:25:10,light rain
607,Itigi,-5.7,34.4833,77.16,36,91,8.99,TZ,2022-10-01 17:25:10,overcast clouds
608,Novyy Svit,47.8059,38.0211,67.68,69,98,8.66,UA,2022-10-01 17:25:11,overcast clouds
609,Pinyug,60.251,47.7842,48.88,97,100,7.87,RU,2022-10-01 17:25:11,overcast clouds
610,Polunochnoye,60.8697,60.4153,28.96,94,99,4.9,RU,2022-10-01 17:25:12,overcast clouds
611,Kongolo,-5.3833,27.0,72.46,77,77,9.48,CD,2022-10-01 17:25:12,light rain
612,Ferme-Neuve,46.7001,-75.4493,54.82,71,100,9.13,CA,2022-10-01 17:25:13,overcast clouds
613,Acarau,-2.8856,-40.12,87.21,55,26,21.12,BR,2022-10-01 17:25:15,scattered clouds
614,Segezha,63.7415,34.3222,43.92,82,73,5.28,RU,2022-10-01 17:25:15,broken clouds
615,Cayenne,4.9333,-52.3333,91.44,55,75,16.11,GF,2022-10-01 17:25:17,broken clouds
616,Joshimath,30.5667,79.5667,61.92,84,86,1.83,IN,2022-10-01 17:25:17,overcast clouds
617,Lesnoy,57.6198,63.0784,32.85,68,32,8.05,RU,2022-10-01 17:25:17,scattered clouds
618,Gaoua,10.2992,-3.2508,80.56,74,78,4.12,BF,2022-10-01 17:25:18,broken clouds
619,Ajaccio,42.0,8.9167,66.25,60,100,3.44,FR,2022-10-01 17:25:18,overcast clouds
620,Eyl,7.9803,49.8164,77.61,75,62,18.28,SO,2022-10-01 17:25:19,broken clouds
621,Shakiso,5.75,38.9167,64.58,70,95,0.22,ET,2022-10-01 17:25:19,overcast clouds
622,Zambezi,-13.5432,23.1047,82.94,15,78,5.37,ZM,2022-10-01 17:25:20,broken clouds
623,Pietarsaari,63.65,22.6833,46.53,90,61,12.91,FI,2022-10-01 17:25:20,broken clouds
624,Cefalu,38.0386,14.0229,71.55,76,79,5.01,IT,2022-10-01 17:25:21,broken clouds
625,Tiznit,29.5833,-9.5,76.24,38,36,7.47,MA,2022-10-01 17:25:21,scattered clouds
626,Bushehr,28.9684,50.8385,86.09,58,0,4.61,IR,2022-10-01 17:25:22,clear sky
627,Budhlada,29.9333,75.5667,79.75,46,0,5.66,IN,2022-10-01 17:25:22,clear sky
628,Nikolsk,53.7189,46.0712,59.16,88,100,11.52,RU,2022-10-01 17:25:23,overcast clouds
629,Guanica,17.9716,-66.908,82.9,83,100,9.19,PR,2022-10-01 17:25:23,overcast clouds
630,Giyani,-23.3025,30.7187,83.97,22,0,4.76,ZA,2022-10-01 17:25:24,clear sky
631,Nagua,19.3832,-69.8474,84.25,79,75,6.91,DO,2022-10-01 17:25:24,broken clouds
632,Karsun,54.1994,46.9827,58.39,86,100,10.2,RU,2022-10-01 17:25:24,overcast clouds
633,Atlantic City,39.3643,-74.4229,64.99,91,100,19.57,US,2022-10-01 17:25:25,overcast clouds
634,Puerto Leguizamo,-0.1934,-74.7819,77.13,85,100,3.24,CO,2022-10-01 17:25:25,overcast clouds
635,Micheweni,-4.9667,39.8333,75.43,75,11,13.2,TZ,2022-10-01 17:25:26,few clouds
636,Sabratah,32.7933,12.4885,78.48,69,100,19.91,LY,2022-10-01 17:25:26,overcast clouds
637,Saint-Orens-De-Gameville,43.554,1.5341,71.08,56,75,12.66,FR,2022-10-01 17:25:26,broken clouds
638,Rincon,32.296,-81.2354,78.76,43,20,13.8,US,2022-10-01 17:21:38,few clouds
639,Augusto Correa,-1.0217,-46.635,88.34,57,77,10.6,BR,2022-10-01 17:25:27,broken clouds
640,Goderich,43.7501,-81.7165,65.91,63,100,10.36,CA,2022-10-01 17:25:27,overcast clouds
641,Zyryanskoye,56.8306,86.6258,27.95,90,76,3.85,RU,2022-10-01 17:25:28,broken clouds
642,Calama,-22.4667,-68.9333,72.09,4,0,19.57,CL,2022-10-01 17:25:28,clear sky
643,Kalmanka,52.8992,83.5433,29.25,87,61,3.78,RU,2022-10-01 17:25:28,broken clouds
644,Ugoofaaru,5.6667,73.0,82.08,77,100,18.57,MV,2022-10-01 17:25:29,light rain
645,Harper,4.375,-7.7169,77.41,86,76,11.79,LR,2022-10-01 17:25:29,light rain
646,Krasnoselkup,65.7,82.4667,27.9,82,96,9.55,RU,2022-10-01 17:21:03,overcast clouds
647,Umba,66.6871,34.3429,39.96,88,100,4.81,RU,2022-10-01 17:25:30,overcast clouds
648,Dordrecht,51.81,4.6736,62.01,73,0,3.0,NL,2022-10-01 17:26:30,clear sky
649,Peterhead,57.5058,-1.7981,57.6,69,80,12.15,GB,2022-10-01 17:26:30,broken clouds
650,Antu,26.05,81.9167,81.03,57,0,1.28,IN,2022-10-01 17:26:31,clear sky
651,Perleberg,53.0667,11.8667,53.85,87,97,10.74,DE,2022-10-01 17:26:31,overcast clouds
652,Synya,65.3718,58.0387,37.89,93,100,12.28,RU,2022-10-01 17:26:32,overcast clouds
653,Jaisalmer,26.9147,70.9181,88.36,25,0,10.07,IN,2022-10-01 17:26:32,clear sky
654,Letterkenny,54.95,-7.7333,57.13,74,7,15.17,IE,2022-10-01 17:26:32,clear sky
655,Encruzilhada Do Sul,-30.5439,-52.5219,60.01,75,100,5.44,BR,2022-10-01 17:26:33,overcast clouds
656,Iralaya,15.0,-83.2333,81.9,80,100,11.97,HN,2022-10-01 17:26:33,overcast clouds
657,Andenes,69.3143,16.1194,42.93,75,0,6.91,NO,2022-10-01 17:26:34,clear sky
658,Usogorsk,63.4106,48.6872,43.48,95,66,6.22,RU,2022-10-01 17:26:34,broken clouds
659,Zgierz,51.8556,19.4062,55.18,86,40,1.14,PL,2022-10-01 17:26:34,scattered clouds
660,Sao Jose Da Coroa Grande,-8.8978,-35.1478,80.4,60,20,11.3,BR,2022-10-01 17:26:35,few clouds
661,Winchester,51.0651,-1.3187,64.42,66,20,9.22,GB,2022-10-01 17:26:35,few clouds
662,Uvat,59.1433,68.8953,26.6,80,25,5.93,RU,2022-10-01 17:26:36,scattered clouds
663,San Pedro,14.35,121.0167,81.63,79,20,3.44,PH,2022-10-01 17:26:36,few clouds
664,Aksu,41.1231,80.2644,64.45,38,94,17.96,CN,2022-10-01 17:26:36,overcast clouds
665,Aquiraz,-3.9014,-38.3911,86.09,55,28,15.86,BR,2022-10-01 17:26:37,scattered clouds
666,Tumaco,1.7986,-78.8156,79.79,73,93,10.0,CO,2022-10-01 17:26:37,overcast clouds
667,Lvov,49.8383,24.0232,55.81,98,100,2.46,UA,2022-10-01 17:26:36,overcast clouds
668,Minab,27.1467,57.0801,86.2,72,0,4.74,IR,2022-10-01 17:26:38,clear sky
669,Ondjiva,-17.0667,15.7333,88.16,12,20,7.72,AO,2022-10-01 17:26:38,few clouds
670,Santa Isabel Do Rio Negro,-0.4139,-65.0192,95.25,42,100,2.33,BR,2022-10-01 17:26:38,light rain
671,Tyup,42.7276,78.3648,42.3,72,100,4.54,KG,2022-10-01 17:26:39,overcast clouds
672,Santander,43.4647,-3.8044,69.12,78,20,5.01,ES,2022-10-01 17:26:39,few clouds
673,Pauini,-7.7136,-66.9764,100.98,27,19,3.67,BR,2022-10-01 17:26:39,few clouds
674,Andujar,38.0392,-4.0508,82.04,16,87,6.15,ES,2022-10-01 17:26:40,overcast clouds
